1,0,12
2,7.607016543,24
3,0.448598364,36
4,2.073188537,48
5,1.41E-05,60
6,0,72
7,0,84
8,0,96
9,2.79518347,108
10,2.79518347,120
11,0,132
12,0,144
13,0,156
14,0,168
15,0,180
16,0,192
17,0,204
18,0,216
19,0,228
20,0,240
21,0,252
22,0,264
23,0,276
24,0,288
25,0,300
26,0,312
27,0,324
28,0,336
29,0,348
30,0,360
31,0,372
32,0,384
33,0,396
34,0,408
35,0,420
36,0,432
37,0,444
38,0,456
39,0,468
40,1.400671715,480
41,1.400671715,492
42,0,504
43,0,516
44,0,528
45,0,540
46,0,552
47,0,564
48,0,576
49,1.400671715,588
50,1.400671715,600
51,0,612
52,0,624
53,0,636
54,0,648
55,0,660
56,0,672
57,0,684
58,0,696
59,0,708
60,0,720
61,0,732
62,0,744
63,0,756
64,0,768
65,0,780
66,0,792
67,0,804
68,0,816
69,0,828
70,0,840
71,0,852
72,0,864
73,0,876
74,0,888
75,0,900
76,0,912
77,0,924
78,0,936
79,0,948
80,0,960
81,0,972
82,0,984
83,0,996
84,0,1008
85,0,1020
86,0,1032
87,0,1044
88,9.35E-06,1056
89,1.401292485,1068
90,1.401292519,1080
91,0.000124727,1092
92,0,1104
93,0,1116
94,0,1128
95,0,1140
96,0,1152
97,8.69E-06,1164
98,0,1176
99,1.401292514,1188
100,1.401292516,1200
101,0,1212
102,0,1224
103,0,1236
104,0,1248
105,0,1260
106,0,1272
107,0,1284
108,0,1296
109,0,1308
110,0,1320
111,0,1332
112,0,1344
113,0,1356
114,0,1368
115,0,1380
116,0,1392
117,0,1404
118,0,1416
119,0,1428
120,0,1440
121,0,1452
122,0,1464
123,0,1476
124,0,1488
125,0,1500
126,0,1512
127,0,1524
128,0,1536
129,0,1548
130,0,1560
131,0,1572
132,0,1584
133,0,1596
134,0,1608
135,0,1620
136,0,1632
137,0,1644
138,0,1656
139,0,1668
140,0,1680
141,0,1692
142,0,1704
143,0,1716
144,0,1728
145,0,1740
146,0,1752
147,0,1764
148,0,1776
149,0,1788
150,0,1800
151,0,1812
152,0,1824
153,0,1836
154,0,1848
155,0,1860
156,0,1872
157,0,1884
158,0,1896
159,0,1908
160,0,1920
161,506.81229,1932
162,506.81229,1944
163,2.342860648,1956
164,2.342848265,1968
165,3.44914079,1980
166,4.805430471,1992
167,8.254542865,2004
168,0.001542477,2016
169,0.001519907,2028
170,485.58525,2040
171,465.6071418,2052
172,477.8077433,2064
173,459.8305124,2076
174,9.82848181,2088
175,7.755845235,2100
176,0,2112
177,0,2124
178,7.286754967,2136
179,1.077052834,2148
180,6.221909429,2160
181,2.457431063,2172
182,2.457431058,2184
183,8.27E-06,2196
184,0,2208
185,0,2220
186,64.2198908,2232
187,64.49441795,2244
188,4.568958662,2256
189,1.915739919,2268
190,1.99792979,2280
191,6.864667016,2292
192,2.514826486,2304
193,3.39301504,2316
194,0.000187005,2328
195,1.56302565,2340
196,1.563007854,2352
197,1.554550585,2364
198,1.55454772,2376
199,7.34E-05,2388
200,1.129524163,2400
201,65.85061505,2412
202,66.12544595,2424
203,3.671532119,2436
204,102.1405721,2448
205,4.800369935,2460
206,102.8494011,2472
207,0,2484
208,0,2496
209,0,2508
210,0,2520
211,1.128874049,2532
212,1.128874049,2544
213,0,2556
214,0,2568
215,3.11E-05,2580
216,3.671532124,2592
217,0.591777567,2604
218,4.263275607,2616
219,0,2628
220,0,2640
221,0.591777566,2652
222,0.591777566,2664
223,0,2676
224,0,2688
225,0,2700
226,0,2712
227,0,2724
228,0,2736
229,3.671532119,2748
230,0.591777566,2760
231,3.671532119,2772
232,0.591777566,2784
233,0,2796
234,1.10E-05,2808
235,0,2820
236,0,2832
237,0,2844
238,0,2856
239,0,2868
240,0,2880
241,4.621555088,2892
242,2.103329997,2904
243,5.21332264,2916
244,2.695096853,2928
245,0,2940
246,0,2952
247,0,2964
248,0,2976
249,0,2988
250,0,3000
251,0.591777431,3012
252,0.591777431,3024
253,0,3036
254,3.671532119,3048
255,0.591777566,3060
256,4.263275603,3072
257,1.09E-05,3084
258,0,3096
259,0,3108
260,1.055785864,3120
261,0.591777567,3132
262,0.464025031,3144
263,1.96E-05,3156
264,1.96E-05,3168
265,3.53E-06,3180
266,0,3192
267,3.671532117,3204
268,0.46402503,3216
269,3.207530256,3228
270,0,3240
271,0.464025031,3252
272,0.464025031,3264
273,0,3276
274,0,3288
275,0,3300
276,0,3312
277,0,3324
278,0,3336
279,0,3348
280,3.671532119,3360
281,0,3372
282,3.671532119,3384
283,0,3396
284,0,3408
285,0,3420
286,0,3432
287,0,3444
288,3.53E-06,3456
289,0,3468
290,3.53E-06,3480
291,0,3492
292,0,3504
293,1.988760278,3516
294,1.128874049,3528
295,116.6113092,3540
296,0,3552
297,116.9696446,3564
298,0,3576
299,0,3588
300,0,3600
301,116.8268428,3612
302,116.8268428,3624
303,0,3636
304,0,3648
305,3.868220675,3660
306,75.79683782,3672
307,79.66382315,3684
308,0.000300413,3696
309,0,3708
310,0,3720
311,1.001790485,3732
312,1.001790485,3744
313,0,3756
314,0,3768
315,0,3780
316,0,3792
317,0,3804
318,0.447568727,3816
319,0.301846171,3828
320,0.194077841,3840
321,4.672556652,3852
322,1.045433762,3864
323,3.662874906,3876
324,0,3888
325,0,3900
326,0,3912
327,0,3924
328,0,3936
329,0,3948
330,0,3960
331,1.375797371,3972
332,0.840399597,3984
333,2.160205458,3996
334,0,4008
335,7.90E-05,4020
336,2.019688219,4032
337,1.167792245,4044
338,30.48456743,4056
339,145.8517284,4068
340,142.8394586,4080
341,117.6815716,4092
342,0.22795527,4104
343,19.9424193,4116
344,141.4090139,4128
345,35.22030321,4140
346,68.53554279,4152
347,67.60504881,4164
348,66.14249957,4176
349,65.19381864,4188
350,65.67979167,4200
351,63.97347827,4212
352,65.12277523,4224
353,0.213196659,4236
354,5.65E-05,4248
355,125.2773323,4260
356,130.432579,4272
357,10.5784514,4284
358,2.317644087,4296
359,0.488348712,4308
360,1.30589899,4320
361,1.948263657,4332
362,3.215527801,4344
363,0,4356
364,0,4368
365,0,4380
366,0,4392
367,0.68935007,4404
368,0.028713625,4416
369,1.029067507,4428
370,3.941602579,4440
371,0.394268483,4452
372,2.510226267,4464
373,0,4476
374,0.046528631,4488
375,0.046528631,4500
376,0,4512
377,79.01270374,4524
378,139.0397814,4536
379,93.26788699,4548
380,10.01097618,4560
381,10.65892806,4572
382,2.733597821,4584
383,1.768318483,4596
384,2.984761291,4608
385,9.37E-05,4620
386,0.071531304,4632
387,0,4644
388,8.64E-05,4656
389,8.64E-05,4668
390,0,4680
391,0.599920542,4692
392,0.599920542,4704
393,0,4716
394,5.926163636,4728
395,54.74460871,4740
396,3.432909833,4752
397,53.08083462,4764
398,0.00015119,4776
399,0.000189228,4788
400,0,4800
401,1.899662874,4812
402,1.899662874,4824
403,0,4836
404,0,4848
405,6.98708847,4860
406,0,4872
407,0.139998165,4884
408,4.323084537,4896
409,2.538613337,4908
410,0,4920
411,2.068597832,4932
412,2.068597832,4944
413,0,4956
414,0,4968
415,0,4980
416,0,4992
417,0,5004
418,0,5016
419,0,5028
420,1.103924477,5040
421,6.390357205,5052
422,7.492088722,5064
423,6.797185024,5076
424,0,5088
425,6.797185024,5100
426,644.1563182,5112
427,451.5741724,5124
428,166.3741641,5136
429,32.97459289,5148
430,3.470765231,5160
431,2.960643673,5172
432,0.382937353,5184
433,0.502892736,5196
434,0.796212413,5208
435,10.76899922,5220
436,12.73231126,5232
437,5.837160087,5244
438,0,5256
439,11.12108665,5268
440,11.12108665,5280
441,3.057166486,5292
442,3.057166486,5304
443,0,5316
444,2.974385764,5328
445,1.648100666,5340
446,1.299395673,5352
447,0.202262451,5364
448,0.431281281,5376
449,3.482174085,5388
450,3.207140709,5400
451,2.576104329,5412
452,2.81343387,5424
453,0.237348932,5436
454,0.117081267,5448
455,0.117081267,5460
456,0.306647019,5472
457,0.105693668,5484
458,1.260944091,5496
459,3.585738428,5508
460,4.129657552,5520
461,0.366890134,5532
462,1.241937834,5544
463,0,5556
464,0,5568
465,0,5580
466,235.3696767,5592
467,0,5604
468,235.3696767,5616
469,0,5628
470,0,5640
471,0.650201543,5652
472,0.316510997,5664
473,0.335128142,5676
474,2.13638993,5688
475,0,5700
476,2.13638993,5712
477,0,5724
478,0,5736
479,0,5748
480,0,5760
481,0.228281168,5772
482,0.228281168,5784
483,7.37E-05,5796
484,0.000238459,5808
485,0,5820
486,0.000236329,5832
487,0,5844
488,0,5856
489,0,5868
490,0,5880
491,7.37E-05,5892
492,0,5904
493,7.37E-05,5916
494,0,5928
495,0,5940
496,0,5952
497,0,5964
498,0,5976
499,0,5988
500,0,6000
501,1.242367075,6012
502,1.242367074,6024
503,7.43E-05,6036
504,0,6048
505,0,6060
506,0,6072
507,0,6084
508,0,6096
509,0,6108
510,0,6120
511,7.43E-05,6132
512,0.1373826,6144
513,7.43E-05,6156
514,0.1373826,6168
515,0,6180
516,0,6192
517,0,6204
518,0,6216
519,0,6228
520,0,6240
521,7.43E-05,6252
522,0.000180744,6264
523,0.000116646,6276
524,0.000157687,6288
525,0,6300
526,0,6312
527,0,6324
528,6.33E-05,6336
529,6.33E-05,6348
530,2.398309095,6360
531,1.929736852,6372
532,4.327674932,6384
533,1.197026071,6396
534,1.197025987,6408
535,8.96E-05,6420
536,0,6432
537,8.96E-05,6444
538,0,6456
539,0.627886536,6468
540,288.7721976,6480
541,288.7035217,6492
542,0.702934747,6504
543,0.837317538,6516
544,0.837317538,6528
545,0,6540
546,0,6552
547,0.179558885,6564
548,2.069990491,6576
549,2.248024541,6588
550,0.104229999,6600
551,0.339486923,6612
552,0.243951536,6624
553,0.150639304,6636
554,0,6648
555,0.150639304,6660
556,0,6672
557,0,6684
558,7.52E-05,6696
559,13.88684302,6708
560,0.12346487,6720
561,13.19474578,6732
562,0.5824611,6744
563,0,6756
564,0,6768
565,0.515731246,6780
566,0.515893911,6792
567,0.035040715,6804
568,263.682476,6816
569,263.1872098,6828
570,5.789453976,6840
571,1.367695924,6852
572,6.759072867,6864
573,9.288245411,6876
574,9.033427274,6888
575,0.259785394,6900
576,0.397166645,6912
577,0.396056776,6924
578,0.022532972,6936
579,0,6948
580,0.966862413,6960
581,0.967111271,6972
582,0,6984
583,0,6996
584,0,7008
585,2.578546218,7020
586,2.164629565,7032
587,0.783638162,7044
588,0.368943237,7056
589,0,7068
590,0.134568912,7080
591,0.140324557,7092
592,0.363917656,7104
593,0.369699528,7116
594,0.452404025,7128
595,0.452401419,7140
596,0.340190085,7152
597,0,7164
598,0.513616037,7176
599,1.164900095,7188
600,0.885920981,7200
601,1.434980317,7212
602,0,7224
603,0.238035061,7236
604,0,7248
605,0,7260
606,0,7272
607,0,7284
608,0,7296
609,0,7308
610,181.5213294,7320
611,538.8482544,7332
612,24.20634166,7344
613,499.259191,7356
614,18.35400813,7368
615,2.540324067,7380
616,1.201098384,7392
617,0.366981026,7404
618,0.366981026,7416
619,0,7428
620,2.449921128,7440
621,2.449921128,7452
622,0.320511758,7464
623,0.320511758,7476
624,5.97850326,7488
625,2.156801022,7500
626,3.82192744,7512
627,0,7524
628,0,7536
629,403.408586,7548
630,154.3943821,7560
631,282.0170026,7572
632,12.43493525,7584
633,12.43493565,7596
634,0.000294328,7608
635,112.1886365,7620
636,0.009491336,7632
637,95.89730838,7644
638,16.89888835,7656
639,0.13620566,7668
640,5.764362947,7680
641,5.764362944,7692
642,3.74E-05,7704
643,32.58906585,7716
644,162.3223591,7728
645,140.7246305,7740
646,0,7752
647,0,7764
648,0,7776
649,0.122391596,7788
650,0.553138381,7800
651,0.430805821,7812
652,206.9231717,7824
653,221.8002899,7836
654,206.9231717,7848
655,221.8002899,7860
656,621.687415,7872
657,740.0116679,7884
658,123.1280509,7896
659,2.203480228,7908
660,341.2305924,7920
661,345.1659619,7932
662,349.4989648,7944
663,376.563275,7956
664,25.65090156,7968
665,0.63119384,7980
666,0.63119384,7992
667,0,8004
668,0,8016
669,0,8028
670,8.318330435,8040
671,8.318330435,8052
672,0,8064
673,0,8076
674,0,8088
675,2.001189473,8100
676,0.673333511,8112
677,1.328055629,8124
678,0,8136
679,0,8148
680,3.913513479,8160
681,3.913513479,8172
682,0,8184
683,0,8196
684,0,8208
685,0,8220
686,0,8232
687,0,8244
688,5.73E-05,8256
689,5.73E-05,8268
690,0.63322879,8280
691,0.63322879,8292
692,0,8304
693,0,8316
694,0,8328
695,0,8340
696,0,8352
697,0,8364
698,0,8376
699,0,8388
700,0.633228359,8400
701,0.633228359,8412
702,0,8424
703,0,8436
704,0,8448
705,0,8460
706,0,8472
707,0,8484
708,0,8496
709,0,8508
710,0,8520
711,0,8532
712,0,8544
713,0.886928155,8556
714,0,8568
715,0.886928155,8580
716,3.10E-05,8592
717,3.10E-05,8604
718,0,8616
719,0,8628
720,0.642007765,8640
721,0.642007765,8652
722,0,8664
723,0,8676
724,0,8688
725,0,8700
726,0.887505684,8712
727,9.61E-05,8724
728,0.887506802,8736
729,0,8748
730,0.349014828,8760
731,0.352277205,8772
732,0,8784
733,0.664300271,8796
734,0,8808
735,0,8820
736,0,8832
737,0,8844
738,0,8856
739,0.885743656,8868
740,0,8880
741,0.885743656,8892
742,1.550026958,8904
743,0,8916
744,1.550026958,8928
745,0,8940
746,0,8952
747,0,8964
748,0,8976
749,0,8988
750,0,9000
751,0,9012
752,0.44288927,9024
753,0.442866006,9036
754,0.885735555,9048
755,0,9060
756,0,9072
757,0,9084
758,0,9096
759,0,9108
760,0.442866006,9120
761,0.442866006,9132
762,0,9144
763,0,9156
764,0,9168
765,0.885742886,9180
766,4.58E-05,9192
767,0.885742884,9204
768,0,9216
769,0,9228
770,1.019281295,9240
771,1.019281295,9252
772,0,9264
773,0,9276
774,0,9288
775,0,9300
776,0,9312
777,1.329937956,9324
778,1.329938123,9336
779,0.000119647,9348
780,1.707842345,9360
781,0.736049657,9372
782,2.436409949,9384
783,0,9396
784,0,9408
785,0,9420
786,0,9432
787,0,9444
788,1.550442675,9456
789,0,9468
790,2.663370853,9480
791,2.221394,9492
792,1.108153164,9504
793,0,9516
794,0,9528
795,0,9540
796,801.3874408,9552
797,801.459708,9564
798,95.04652909,9576
799,5.856020389,9588
800,4.651719102,9600
801,1.217645547,9612
802,0.704578878,9624
803,0.704578879,9636
804,7.337575106,9648
805,7.337575106,9660
806,0,9672
807,0,9684
808,0,9696
809,0.000112412,9708
810,94.96807702,9720
811,94.96807701,9732
812,0,9744
813,0,9756
814,0,9768
815,1.11E-05,9780
816,1.11E-05,9792
817,0,9804
818,0,9816
819,0,9828
820,1.11E-05,9840
821,1.11E-05,9852
822,0,9864
823,0,9876
824,0,9888
825,0,9900
826,0,9912
827,0.000135552,9924
828,0.12031148,9936
829,0,9948
830,0.12031148,9960
831,0.000135552,9972
832,0.000104859,9984
833,0.000142851,9996
834,0.000152271,10008
835,0,10020
836,0,10032
837,0,10044
838,0,10056
839,0,10068
840,0.120311099,10080
841,0.001646676,10092
842,0.120320818,10104
843,0.001084631,10116
844,0.001084631,10128
845,0.000120616,10140
846,0.000120616,10152
847,0,10164
848,0.000118881,10176
849,0.000106331,10188
850,0.000707556,10200
851,0.000722222,10212
852,0,10224
853,0.001723777,10236
854,0.001723777,10248
855,0,10260
856,0.001125201,10272
857,0.001114309,10284
858,0.000103827,10296
859,0.00010214,10308
860,0.001077085,10320
861,0.001077085,10332
862,0.000164646,10344
863,0.000101696,10356
864,0.000111429,10368
865,0,10380
866,0.12030818,10392
867,146.8231746,10404
868,274.2135779,10416
869,245.1072315,10428
870,0.4943554,10440
871,91.598201,10452
872,4.032595085,10464
873,5.563572272,10476
874,3.811062214,10488
875,3.811061517,10500
876,0.002818443,10512
877,0.010458622,10524
878,0.010060605,10536
879,1.217007746,10548
880,0.385974105,10560
881,6.784282148,10572
882,6.254940706,10584
883,0.313886344,10596
884,0.640069572,10608
885,7.40E-05,10620
886,4.79E-05,10632
887,4.84E-05,10644
888,7.17E-05,10656
889,0.00010939,10668
890,0.683311099,10680
891,0.69658849,10692
892,7.731979517,10704
893,7.730827274,10716
894,5.265302565,10728
895,5.265302588,10740
896,0.000349676,10752
897,0.000192375,10764
898,0.000357408,10776
899,1.04E-06,10788
900,2.16343808,10800
901,2.163438202,10812
902,0,10824
903,0.000261034,10836
904,7.520898218,10848
905,7.520898218,10860
906,2.73E-05,10872
907,2.39312717,10884
908,2.393126589,10896
909,0.000332489,10908
910,5.127808061,10920
911,5.127808061,10932
912,0,10944
913,4.29E-07,10956
914,4.29E-07,10968
915,0,10980
916,0,10992
917,5.17E-05,11004
918,2.47E-05,11016
919,6.59E-05,11028
920,0.010500561,11040
921,0.010500561,11052
922,0,11064
923,0,11076
924,0,11088
925,0.01029703,11100
926,0,11112
927,0.01029703,11124
928,0,11136
929,0,11148
930,0.488817951,11160
931,0.488817716,11172
932,0.000408313,11184
933,0,11196
934,0,11208
935,0,11220
936,0,11232
937,0,11244
938,0,11256
939,0,11268
940,0.488704708,11280
941,0.488704708,11292
942,5.17E-05,11304
943,2.47E-05,11316
944,6.59E-05,11328
945,0,11340
946,0,11352
947,0,11364
948,0,11376
949,0,11388
950,2.47E-05,11400
951,2.47E-05,11412
952,0,11424
953,0.000314308,11436
954,0,11448
955,0.00031935,11460
956,9.73E-06,11472
957,5.59E-05,11484
958,0,11496
959,0,11508
960,9.73E-06,11520
961,9.73E-06,11532
962,0,11544
963,0,11556
964,0,11568
965,0,11580
966,0.000191049,11592
967,0,11604
968,0.000197473,11616
969,2.47E-05,11628
970,5.17E-05,11640
971,2.47E-05,11652
972,0,11664
973,0,11676
974,0,11688
975,0,11700
976,0,11712
977,0,11724
978,0,11736
979,0,11748
980,0,11760
981,5.17E-05,11772
982,2.47E-05,11784
983,6.59E-05,11796
984,0,11808
985,0,11820
986,0.000309046,11832
987,0,11844
988,0.000309046,11856
989,0,11868
990,2.47E-05,11880
991,0.000192683,11892
992,0,11904
993,0.000191049,11916
994,9.73E-06,11928
995,9.73E-06,11940
996,0,11952
997,0,11964
998,0,11976
999,5.00E-06,11988
1000,170.2082024,12000
1001,172.8806984,12012
1002,31.79942624,12024
1003,8.410437319,12036
1004,51.4703772,12048
1005,0.291456575,12060
1006,51.58506284,12072
1007,11.02883231,12084
1008,9.819252215,12096
1009,2.56E-05,12108
1010,4.145198321,12120
1011,4.145198322,12132
1012,0,12144
1013,0,12156
1014,0,12168
1015,0,12180
1016,0,12192
1017,0,12204
1018,0,12216
1019,0.103292333,12228
1020,1.090716306,12240
1021,1.123849724,12252
1022,0,12264
1023,0,12276
1024,0,12288
1025,0,12300
1026,0,12312
1027,0,12324
1028,0,12336
1029,0,12348
1030,0,12360
1031,0,12372
1032,0.035412891,12384
1033,0.000124781,12396
1034,0.035412829,12408
1035,0,12420
1036,0,12432
1037,0,12444
1038,0,12456
1039,0,12468
1040,1.090716809,12480
1041,1.090716809,12492
1042,0,12504
1043,0,12516
1044,0,12528
1045,0.180849599,12540
1046,0.880456088,12552
1047,1.037654149,12564
1048,0,12576
1049,0,12588
1050,210.4586462,12600
1051,242.5245312,12612
1052,58.96232965,12624
1053,3.028182502,12636
1054,3.934271404,12648
1055,0.109479742,12660
1056,0,12672
1057,21.5009207,12684
1058,21.5009207,12696
1059,9.357490973,12708
1060,7.27888175,12720
1061,4.065926068,12732
1062,0,12744
1063,0,12756
1064,0,12768
1065,0,12780
1066,0,12792
1067,0,12804
1068,0,12816
1069,0,12828
1070,1.789584726,12840
1071,0.984959375,12852
1072,0.804632055,12864
1073,0,12876
1074,0,12888
1075,0,12900
1076,0,12912
1077,0,12924
1078,0,12936
1079,0,12948
1080,0.984959375,12960
1081,0.984959375,12972
1082,168.0046827,12984
1083,170.8310253,12996
1084,7.758731235,13008
1085,4.946901284,13020
1086,1.448898974,13032
1087,2.434411825,13044
1088,0.443758539,13056
1089,0.000179849,13068
1090,0.74571085,13080
1091,0.268051623,13092
1092,6.10686734,13104
1093,0.003191855,13116
1094,6.107235455,13128
1095,0.870868216,13140
1096,0.870867034,13152
1097,0.817309081,13164
1098,0.817309081,13176
1099,127.8273237,13188
1100,1.261806156,13200
1101,127.8375328,13212
1102,0,13224
1103,0,13236
1104,0.021441854,13248
1105,0,13260
1106,0.436280294,13272
1107,0.414955496,13284
1108,0.358204139,13296
1109,309.3637373,13308
1110,281.1490802,13320
1111,52.64035689,13332
1112,0.515213517,13344
1113,2.03082178,13356
1114,0.343588094,13368
1115,108.9300085,13380
1116,40.87423673,13392
1117,109.5935591,13404
1118,41.37158271,13416
1119,0.171874172,13428
1120,2.989715869,13440
1121,5.786260126,13452
1122,0.277260971,13464
1123,6.842020125,13476
1124,1.678174498,13488
1125,0.036071535,13500
1126,3.143354773,13512
1127,198.7704416,13524
1128,201.5463878,13536
1129,0,13548
1130,647.2759373,13560
1131,647.2759373,13572
1132,0.44288927,13584
1133,0.442866006,13596
1134,0.885735555,13608
1135,0,13620
1136,0,13632
1137,0,13644
1138,0,13656
1139,0,13668
1140,0.442866006,13680
1141,0.442866006,13692
1142,0,13704
1143,0,13716
1144,0,13728
1145,0.885742886,13740
1146,4.58E-05,13752
1147,0.885742884,13764
1148,0,13776
1149,0,13788
1150,1.019281295,13800
1151,1.019281295,13812
1152,0,13824
1153,0,13836
1154,0,13848
1155,0,13860
1156,0,13872
1157,1.329937956,13884
1158,1.329938123,13896
1159,0.000119647,13908
1160,1.707842345,13920
1161,0.736049657,13932
1162,2.436409949,13944
1163,0,13956
1164,0,13968
1165,0,13980
1166,0,13992
1167,0,14004
1168,1.550442675,14016
1169,0,14028
1170,2.663370853,14040
1171,2.221394,14052
1172,1.108153164,14064
1173,0,14076
1174,0,14088
1175,0,14100
1176,801.3874408,14112
1177,801.459708,14124
1178,95.04652909,14136
1179,5.856020389,14148
1180,4.651719102,14160
1181,1.217645547,14172
1182,0.704578878,14184
1183,0.704578879,14196
1184,7.337575106,14208
1185,7.337575106,14220
1186,0,14232
1187,0,14244
1188,0,14256
1189,0.000112412,14268
1190,94.96807702,14280
1191,94.96807701,14292
1192,0,14304
1193,0,14316
1194,0,14328
1195,1.11E-05,14340
1196,1.11E-05,14352
1197,0,14364
1198,0,14376
1199,0,14388
1200,1.11E-05,14400
1201,1.11E-05,14412
1202,0,14424
1203,0,14436
1204,0,14448
1205,0,14460
1206,0,14472
1207,0.000135552,14484
1208,0.12031148,14496
1209,0,14508
1210,0.12031148,14520
1211,0.000135552,14532
1212,0.000104859,14544
1213,0.000142851,14556
1214,0.000152271,14568
1215,0,14580
1216,0,14592
1217,0,14604
1218,0,14616
1219,0,14628
1220,0.120311099,14640
1221,0.001646676,14652
1222,0.120320818,14664
1223,0.001084631,14676
1224,0.001084631,14688
1225,0.000120616,14700
1226,0.000120616,14712
1227,0,14724
1228,0.000118881,14736
1229,0.000106331,14748
1230,0.000707556,14760
1231,0.000722222,14772
1232,0,14784
1233,0.001723777,14796
1234,0.001723777,14808
1235,0,14820
1236,0.001125201,14832
1237,0.001114309,14844
1238,0.000103827,14856
1239,0.00010214,14868
1240,0.001077085,14880
1241,0.001077085,14892
1242,0.000164646,14904
1243,0.000101696,14916
1244,0.000111429,14928
1245,0,14940
1246,0.12030818,14952
1247,146.8231746,14964
1248,274.2135779,14976
1249,245.1072315,14988
1250,0.4943554,15000
1251,91.598201,15012
1252,4.032595085,15024
1253,5.563572272,15036
1254,3.811062214,15048
1255,3.811061517,15060
1256,0.002818443,15072
1257,0.010458622,15084
1258,0.010060605,15096
1259,1.217007746,15108
1260,0.385974105,15120
1261,6.784282148,15132
1262,6.254940706,15144
1263,0.313886344,15156
1264,0.640069572,15168
1265,7.40E-05,15180
1266,4.79E-05,15192
1267,4.84E-05,15204
1268,7.17E-05,15216
1269,0.00010939,15228
1270,0.683311099,15240
1271,0.69658849,15252
1272,7.731979517,15264
1273,7.730827274,15276
1274,5.265302565,15288
1275,5.265302588,15300
1276,0.000349676,15312
1277,0.000192375,15324
1278,0.000357408,15336
1279,1.04E-06,15348
1280,2.16343808,15360
1281,2.163438202,15372
1282,0,15384
1283,0.000261034,15396
1284,7.520898218,15408
1285,7.520898218,15420
1286,2.73E-05,15432
1287,2.39312717,15444
1288,2.393126589,15456
1289,0.000332489,15468
1290,5.127808061,15480
1291,5.127808061,15492
1292,0,15504
1293,4.29E-07,15516
1294,4.29E-07,15528
1295,0,15540
1296,0,15552
1297,5.17E-05,15564
1298,2.47E-05,15576
1299,6.59E-05,15588
1300,0.010500561,15600
1301,0.010500561,15612
1302,0,15624
1303,0,15636
1304,0,15648
1305,0.01029703,15660
1306,0,15672
1307,0.01029703,15684
1308,0,15696
1309,0,15708
1310,0.488817951,15720
1311,0.488817716,15732
1312,0.000408313,15744
1313,0,15756
1314,0,15768
1315,0,15780
1316,0,15792
1317,0,15804
1318,0,15816
1319,0,15828
1320,0.488704708,15840
1321,0.488704708,15852
1322,5.17E-05,15864
1323,2.47E-05,15876
1324,6.59E-05,15888
1325,0,15900
1326,0,15912
1327,0,15924
1328,0,15936
1329,0,15948
1330,2.47E-05,15960
1331,2.47E-05,15972
1332,0,15984
1333,0.000314308,15996
1334,0,16008
1335,0.00031935,16020
1336,9.73E-06,16032
1337,5.59E-05,16044
1338,0,16056
1339,0,16068
1340,9.73E-06,16080
1341,9.73E-06,16092
1342,0,16104
1343,0,16116
1344,0,16128
1345,0,16140
1346,0.000191049,16152
1347,0,16164
1348,0.000197473,16176
1349,2.47E-05,16188
1350,5.17E-05,16200
1351,2.47E-05,16212
1352,0,16224
1353,0,16236
1354,0,16248
1355,0,16260
1356,0,16272
1357,0,16284
1358,0,16296
1359,0,16308
1360,0,16320
1361,5.17E-05,16332
1362,2.47E-05,16344
1363,6.59E-05,16356
1364,0,16368
1365,0,16380
1366,0.000309046,16392
1367,0,16404
1368,0.000309046,16416
1369,0,16428
1370,2.47E-05,16440
1371,0.000192683,16452
1372,0,16464
1373,0.000191049,16476
1374,9.73E-06,16488
1375,9.73E-06,16500
1376,0,16512
1377,0,16524
1378,0,16536
1379,5.00E-06,16548
1380,170.2082024,16560
1381,172.8806984,16572
1382,31.79942624,16584
1383,8.410437319,16596
1384,51.4703772,16608
1385,0.291456575,16620
1386,51.58506284,16632
1387,11.02883231,16644
1388,9.819252215,16656
1389,2.56E-05,16668
1390,4.145198321,16680
1391,4.145198322,16692
1392,0,16704
1393,0,16716
1394,0,16728
1395,0,16740
1396,0,16752
1397,0,16764
1398,0,16776
1399,0.103292333,16788
1400,1.090716306,16800
1401,1.123849724,16812
1402,0,16824
1403,0,16836
1404,0,16848
1405,0,16860
1406,0,16872
1407,0,16884
1408,0,16896
1409,0,16908
1410,0,16920
1411,0,16932
1412,0.035412891,16944
1413,0.000124781,16956
1414,0.035412829,16968
1415,0,16980
1416,0,16992
1417,0,17004
1418,0,17016
1419,0,17028
1420,1.090716809,17040
1421,1.090716809,17052
1422,0,17064
1423,0,17076
1424,0,17088
1425,0.180849599,17100
1426,0.880456088,17112
1427,1.037654149,17124
1428,0,17136
1429,0,17148
1430,210.4586462,17160
1431,242.5245312,17172
1432,58.96232965,17184
1433,3.028182502,17196
1434,3.934271404,17208
1435,0.109479742,17220
1436,0,17232
1437,21.5009207,17244
1438,21.5009207,17256
1439,9.357490973,17268
1440,7.27888175,17280
1441,4.065926068,17292
1442,0,17304
1443,0,17316
1444,0,17328
1445,0,17340
1446,0,17352
1447,0,17364
1448,0,17376
1449,0,17388
1450,1.789584726,17400
1451,0.984959375,17412
1452,0.804632055,17424
1453,0,17436
1454,0,17448
1455,0,17460
1456,0,17472
1457,0,17484
1458,0,17496
1459,0,17508
1460,0.984959375,17520
1461,0.984959375,17532
1462,168.0046827,17544
1463,170.8310253,17556
1464,7.758731235,17568
1465,4.946901284,17580
1466,1.448898974,17592
1467,2.434411825,17604
1468,0.443758539,17616
1469,0.000179849,17628
1470,0.74571085,17640
1471,0.268051623,17652
1472,6.10686734,17664
1473,0.003191855,17676
1474,6.107235455,17688
1475,0.870868216,17700
1476,0.870867034,17712
1477,0.817309081,17724
1478,0.817309081,17736
1479,127.8273237,17748
1480,1.261806156,17760
1481,127.8375328,17772
1482,0,17784
1483,0,17796
1484,0.021441854,17808
1485,0,17820
1486,0.436280294,17832
1487,0.414955496,17844
1488,0.358204139,17856
1489,309.3637373,17868
1490,281.1490802,17880
1491,52.64035689,17892
1492,0.515213517,17904
1493,2.03082178,17916
1494,0.343588094,17928
1495,108.9300085,17940
1496,40.87423673,17952
1497,109.5935591,17964
1498,41.37158271,17976
1499,0.171874172,17988
1500,2.989715869,18000
1501,5.786260126,18012
1502,0.277260971,18024
1503,6.842020125,18036
1504,1.678174498,18048
1505,0.036071535,18060
1506,3.143354773,18072
1507,198.7704416,18084
1508,201.5463878,18096
1509,0,18108
1510,1.794434918,18120
1511,1.794434918,18132
1512,8.35E-05,18144
1513,1.510225151,18156
1514,1.37219382,18168
1515,0.039056787,18180
1516,0.176592104,18192
1517,0,18204
1518,0,18216
1519,0,18228
1520,0.559678855,18240
1521,0.559678855,18252
1522,0,18264
1523,0,18276
1524,0,18288
1525,4.34E-05,18300
1526,2.671369864,18312
1527,1.65011564,18324
1528,0.788224698,18336
1529,0.233096288,18348
1530,2.121319543,18360
1531,2.10995845,18372
1532,0.011614482,18384
1533,0.160890172,18396
1534,0.160890172,18408
1535,0.393849882,18420
1536,0.393850712,18432
1537,0.000122906,18444
1538,6.11E-05,18456
1539,3.7956849,18468
1540,11.32255701,18480
1541,8.60425019,18492
1542,1.36E-05,18504
1543,0.000197036,18516
1544,0.000197036,18528
1545,5.08E-05,18540
1546,0.00019726,18552
1547,0.000204042,18564
1548,0,18576
1549,0,18588
1550,3.675904766,18600
1551,3.675904766,18612
1552,0.080466024,18624
1553,0.572853801,18636
1554,0.653309387,18648
1555,8.44E-06,18660
1556,0,18672
1557,0,18684
1558,8.83E-05,18696
1559,0,18708
1560,1.210466887,18720
1561,1.210466882,18732
1562,0,18744
1563,0,18756
1564,1.178941242,18768
1565,0.951571912,18780
1566,1.624369598,18792
1567,1.396999358,18804
1568,0,18816
1569,0,18828
1570,0.697222356,18840
1571,0.697222356,18852
1572,0,18864
1573,0,18876
1574,6.272556695,18888
1575,6.272556695,18900
1576,6.272556789,18912
1577,5.456954507,18924
1578,0.95156507,18936
1579,0.135389531,18948
1580,5.015429781,18960
1581,5.158889335,18972
1582,3.172853827,18984
1583,2.54E-05,18996
1584,2.947897132,19008
1585,0.016155733,19020
1586,0.129584935,19032
1587,0.129584943,19044
1588,2.05E-06,19056
1589,0,19068
1590,3.264253783,19080
1591,0.533656496,19092
1592,0.822941729,19104
1593,2.039122332,19116
1594,0,19128
1595,0,19140
1596,0,19152
1597,0,19164
1598,0,19176
1599,0,19188
1600,0.021340968,19200
1601,0.021340968,19212
1602,0,19224
1603,2.29608878,19236
1604,1.167470778,19248
1605,1.128627111,19260
1606,0,19272
1607,0,19284
1608,0,19296
1609,0,19308
1610,1.167470778,19320
1611,1.167470778,19332
1612,0,19344
1613,0,19356
1614,1.73E-05,19368
1615,0,19380
1616,0.771471347,19392
1617,0.771471347,19404
1618,0,19416
1619,5.29E-05,19428
1620,0.771471347,19440
1621,0.771471346,19452
1622,0.834040389,19464
1623,0.834040389,19476
1624,0,19488
1625,0.834040389,19500
1626,0.834040389,19512
1627,0,19524
1628,2.296088789,19536
1629,2.296088884,19548
1630,3.150701879,19560
1631,3.150753066,19572
1632,0.140068988,19584
1633,0.000388605,19596
1634,0.140069101,19608
1635,0,19620
1636,0,19632
1637,6.64E-06,19644
1638,0,19656
1639,6.64E-06,19668
1640,3.305683967,19680
1641,3.149601681,19692
1642,0.062990958,19704
1643,2.233222118,19716
1644,0.000157787,19728
1645,2.876445398,19740
1646,2.876445398,19752
1647,1.49E-05,19764
1648,0,19776
1649,0,19788
1650,4.331804867,19800
1651,4.331804867,19812
1652,0,19824
1653,0,19836
1654,2.978101878,19848
1655,2.874709891,19860
1656,5.852791727,19872
1657,6.97E-07,19884
1658,0,19896
1659,0,19908
1660,5.568512257,19920
1661,5.568512153,19932
1662,1.57E-05,19944
1663,2.679830171,19956
1664,2.679830173,19968
1665,2.679830106,19980
1666,2.15772344,19992
1667,1.547797729,20004
1668,1.67E-06,20016
1669,2.069902456,20028
1670,1.113420757,20040
1671,1.113420763,20052
1672,1.25E-05,20064
1673,0,20076
1674,0,20088
1675,0,20100
1676,0,20112
1677,0,20124
1678,0,20136
1679,0.044883401,20148
1680,0.453557461,20160
1681,2.971115726,20172
1682,2.472934142,20184
1683,0,20196
1684,0,20208
1685,0,20220
1686,0,20232
1687,0,20244
1688,1.97E-05,20256
1689,0,20268
1690,0.786388449,20280
1691,0.7863884,20292
1692,1.267469768,20304
1693,9.51E-06,20316
1694,1.267469767,20328
1695,9.08E-06,20340
1696,1.41E-05,20352
1697,1.41E-05,20364
1698,1.93E-05,20376
1699,0,20388
1700,2.140090426,20400
1701,2.140090427,20412
1702,0,20424
1703,3.44E-05,20436
1704,7.48E-05,20448
1705,0.044883897,20460
1706,2.296088833,20472
1707,1.553112342,20484
1708,0.791708791,20496
1709,0,20508
1710,2.869311012,20520
1711,2.869311012,20532
1712,1.75E-05,20544
1713,0,20556
1714,1.75E-05,20568
1715,0,20580
1716,0,20592
1717,1.33712038,20604
1718,6.159515451,20616
1719,4.822493052,20628
1720,0.124208643,20640
1721,4.330592726,20652
1722,4.242524909,20664
1723,0,20676
1724,0,20688
1725,0,20700
1726,293.3586973,20712
1727,293.3586973,20724
1728,7.01E-06,20736
1729,12.12801861,20748
1730,12.57370851,20760
1731,2.665647724,20772
1732,3.135690875,20784
1733,0,20796
1734,0,20808
1735,0,20820
1736,3.456829581,20832
1737,3.456829581,20844
1738,0,20856
1739,0,20868
1740,0,20880
1741,2.12E-05,20892
1742,0,20904
1743,2.12E-05,20916
1744,0,20928
1745,0,20940
1746,2.64E-05,20952
1747,0,20964
1748,2.64E-05,20976
1749,0,20988
1750,0,21000
1751,2.11E-05,21012
1752,0.721015227,21024
1753,0.721014969,21036
1754,0.527410098,21048
1755,0.527410686,21060
1756,0.154005703,21072
1757,2.674198001,21084
1758,2.520199188,21096
1759,0.097785497,21108
1760,0.095373284,21120
1761,0.02154245,21132
1762,0.000328963,21144
1763,0.00058837,21156
1764,4.495613131,21168
1765,3.778719853,21180
1766,7.126419716,21192
1767,5.543157454,21204
1768,4.395307386,21216
1769,0.720929451,21228
1770,0.720929012,21240
1771,0,21252
1772,0,21264
1773,0,21276
1774,2.89E-05,21288
1775,0,21300
1776,0.964423123,21312
1777,0.964423124,21324
1778,0,21336
1779,2.12E-05,21348
1780,0,21360
1781,2.12E-05,21372
1782,0,21384
1783,0,21396
1784,0,21408
1785,0,21420
1786,0.117439831,21432
1787,0.117439831,21444
1788,0,21456
1789,0,21468
1790,0,21480
1791,0,21492
1792,2.11E-05,21504
1793,0.000624024,21516
1794,54.96962481,21528
1795,56.90536661,21540
1796,17.34151462,21552
1797,4.986730883,21564
1798,0.000183101,21576
1799,0.000183101,21588
1800,3.796593277,21600
1801,3.796593129,21612
1802,0.000237151,21624
1803,0.000273541,21636
1804,1.36E-05,21648
1805,50.17211338,21660
1806,0.087175958,21672
1807,49.42362215,21684
1808,2.989630779,21696
1809,4.115767956,21708
1810,0.000204129,21720
1811,0.000204129,21732
1812,0,21744
1813,0,21756
1814,0,21768
1815,0,21780
1816,2.941271379,21792
1817,2.941270538,21804
1818,4.36E-05,21816
1819,0.000130009,21828
1820,3.559940878,21840
1821,3.559940878,21852
1822,0,21864
1823,0,21876
1824,0,21888
1825,0,21900
1826,3.559940902,21912
1827,3.559940914,21924
1828,0.000262049,21936
1829,0.000250815,21948
1830,1.262552469,21960
1831,1.262558775,21972
1832,0.573368082,21984
1833,0.300136991,21996
1834,2.809702649,22008
1835,2.481739183,22020
1836,2.441093312,22032
1837,2.44112754,22044
1838,151.1813987,22056
1839,71.3901379,22068
1840,73.13058871,22080
1841,2.570244257,22092
1842,15.3291552,22104
1843,9.833924758,22116
1844,0.045453684,22128
1845,19.63393634,22140
1846,16.89637102,22152
1847,4.143035328,22164
1848,2.752622387,22176
1849,3.382158147,22188
1850,83.84489803,22200
1851,89.08016666,22212
1852,30.05120018,22224
1853,91.36624891,22236
1854,97.54353846,22248
1855,3.496189255,22260
1856,5.610065277,22272
1857,0.876251806,22284
1858,1.528898426,22296
1859,9.221505809,22308
1860,6.520062023,22320
1861,0.392254458,22332
1862,2.867219668,22344
1863,0.752893214,22356
1864,0,22368
1865,0,22380
1866,0.720041957,22392
1867,128.6694408,22404
1868,128.1194711,22416
1869,0,22428
1870,0,22440
1871,0,22452
1872,0,22464
1873,0,22476
1874,0,22488
1875,0,22500
1876,0.399026019,22512
1877,0.399026019,22524
1878,172.1814304,22536
1879,160.6336874,22548
1880,24.81577513,22560
1881,35.02389513,22572
1882,6.90E-05,22584
1883,7.546101032,22596
1884,7.549108598,22608
1885,1.072679106,22620
1886,2.08547496,22632
1887,1.320133879,22644
1888,0.039662908,22656
1889,0.334880243,22668
1890,0.113576716,22680
1891,141.1543663,22692
1892,0,22704
1893,141.1821963,22716
1894,0,22728
1895,0,22740
1896,84.44703368,22752
1897,84.4453336,22764
1898,9.701687917,22776
1899,212.1904645,22788
1900,68.89119721,22800
1901,163.4414945,22812
1902,0.042849068,22824
1903,5.461054105,22836
1904,5.219077715,22848
1905,0.18535749,22860
1906,0.635091718,22872
1907,0.635091508,22884
1908,0,22896
1909,0.530391233,22908
1910,0.530391233,22920
1911,4.979571941,22932
1912,4.979571941,22944
1913,0,22956
1914,0,22968
1915,0,22980
1916,0.872802331,22992
1917,0.872802331,23004
1918,47.88364906,23016
1919,0.000100842,23028
1920,47.88365339,23040
1921,0.369425413,23052
1922,0.184715949,23064
1923,0.369694539,23076
1924,0.185261468,23088
1925,1.65E-05,23100
1926,0.369422632,23112
1927,0.369422632,23124
1928,0,23136
1929,0,23148
1930,1.12E-05,23160
1931,0.003894295,23172
1932,0.003894203,23184
1933,0.003882425,23196
1934,0.760278452,23208
1935,0.76027439,23220
1936,0.79899742,23232
1937,0.798991879,23244
1938,0.000168869,23256
1939,0.000179436,23268
1940,1.07E-05,23280
1941,0.000171166,23292
1942,0.000171166,23304
1943,7.21E-06,23316
1944,7.81E-06,23328
1945,0.000240905,23340
1946,0.370154946,23352
1947,0.370154735,23364
1948,4.33E-05,23376
1949,0.370168843,23388
1950,0.370168843,23400
1951,0,23412
1952,0,23424
1953,0,23436
1954,0,23448
1955,0,23460
1956,1.703149735,23472
1957,1.703149735,23484
1958,0,23496
1959,0,23508
1960,249.6049418,23520
1961,4.31E-05,23532
1962,249.6049418,23544
1963,3.23E-05,23556
1964,0,23568
1965,0,23580
1966,3.17E-05,23592
1967,3.17E-05,23604
1968,87.90744387,23616
1969,100.687866,23628
1970,15.29415003,23640
1971,23.46353531,23652
1972,1.354967328,23664
1973,22.84900086,23676
1974,32.37208735,23688
1975,11.26755682,23700
1976,5.558574848,23712
1977,4.974820048,23724
1978,6.42E-06,23736
1979,53.43042864,23748
1980,0.00450368,23760
1981,53.43044697,23772
1982,0.004266859,23784
1983,0.004266859,23796
1984,0.198188628,23808
1985,0.138188891,23820
1986,2.254767553,23832
1987,1.039284109,23844
1988,1.544559848,23856
1989,0.000129856,23868
1990,2.97E-05,23880
1991,2.96E-05,23892
1992,5.23E-05,23904
1993,5.23E-05,23916
1994,75.46105819,23928
1995,474.6024962,23940
1996,74.92793221,23952
1997,471.1513274,23964
1998,2.984408041,23976
1999,2.660002824,23988
2000,107.191458,24000
2001,107.191458,24012
2002,0.220586857,24024
2003,0.000105478,24036
2004,0.220586812,24048
2005,7.613168668,24060
2006,3.824578961,24072
2007,5.033372025,24084
2008,1.687484785,24096
2009,0.44120565,24108
2010,0,24120
2011,4.424215438,24132
2012,4.424215438,24144
2013,5.475581521,24156
2014,5.475581521,24168
2015,0,24180
2016,4.606666137,24192
2017,4.606666137,24204
2018,0.441917042,24216
2019,1.04E-05,24228
2020,0.441917042,24240
2021,0,24252
2022,0,24264
2023,0,24276
2024,0.932649976,24288
2025,0.049396939,24300
2026,4.821867649,24312
2027,3.937406024,24324
2028,1.04E-05,24336
2029,0.6625193,24348
2030,0,24360
2031,0.6625193,24372
2032,0,24384
2033,0,24396
2034,0.000790864,24408
2035,0,24420
2036,1.115255457,24432
2037,0.242212984,24444
2038,0.664814808,24456
2039,0.884508522,24468
2040,0.664765523,24480
2041,2.94E-05,24492
2042,4.90E-05,24504
2043,0,24516
2044,384.5865088,24528
2045,392.1149131,24540
2046,3.381716457,24552
2047,1.389991469,24564
2048,2.940017371,24576
2049,19.04431471,24588
2050,197.2988104,24600
2051,196.0981799,24612
2052,0,24624
2053,0,24636
2054,0,24648
2055,0,24660
2056,0,24672
2057,1.82E-05,24684
2058,0,24696
2059,1.82E-05,24708
2060,0,24720
2061,0,24732
2062,0,24744
2063,254.2731351,24756
2064,254.9179582,24768
2065,3.534562733,24780
2066,7.224007684,24792
2067,2.336003776,24804
2068,0.918543317,24816
2069,122.4990666,24828
2070,6.244066322,24840
2071,124.1118121,24852
2072,1.418535655,24864
2073,2.299904119,24876
2074,2.29979917,24888
2075,17.00371287,24900
2076,16.70037706,24912
2077,2.173071325,24924
2078,1.868698469,24936
2079,1.764848379,24948
2080,0.398157679,24960
2081,0.000516557,24972
2082,0.398157108,24984
2083,0.0905295,24996
2084,0.0905295,25008
2085,0.30763106,25020
2086,173.548018,25032
2087,152.5747848,25044
2088,174.4485869,25056
2089,153.2079998,25068
2090,2.728490996,25080
2091,2.728490996,25092
2092,5.30E-05,25104
2093,5.30E-05,25116
2094,0,25128
2095,0,25140
2096,343.6596504,25152
2097,348.2469514,25164
2098,9.579616631,25176
2099,4.845350982,25188
2100,0.000181071,25200
2101,10.24944311,25212
2102,10.24944382,25224
2103,2.992483363,25236
2104,2.753279722,25248
2105,0.240210493,25260
2106,12.39416585,25272
2107,12.39416585,25284
2108,3.157608196,25296
2109,0,25308
2110,3.157608237,25320
2111,0.000519985,25332
2112,2.68E-05,25344
2113,0.000137938,25356
2114,0.289654183,25368
2115,0.289654298,25380
2116,8.075710064,25392
2117,5.623018217,25404
2118,4.020033113,25416
2119,0,25428
2120,0,25440
2121,0,25452
2122,0,25464
2123,0,25476
2124,1.163444158,25488
2125,1.163444158,25500
2126,1.201057789,25512
2127,0.97600527,25524
2128,0.225316251,25536
2129,1.70E-07,25548
2130,1.70E-07,25560
2131,2.32E-07,25572
2132,0,25584
2133,2.32E-07,25596
2134,0.036796448,25608
2135,0.036796448,25620
2136,5.528571296,25632
2137,6.124523663,25644
2138,4.149033591,25656
2139,2.75184136,25668
2140,2.744708207,25680
2141,0.36682947,25692
2142,0,25704
2143,0.36682947,25716
2144,3.89E-08,25728
2145,3.89E-08,25740
2146,0.553481599,25752
2147,3.223350861,25764
2148,2.671757442,25776
2149,0.458787555,25788
2150,0,25800
2151,0.458787555,25812
2152,2.23E-05,25824
2153,2.23E-05,25836
2154,1.06E-06,25848
2155,0,25860
2156,2.671753736,25872
2157,0.369939875,25884
2158,3.040096072,25896
2159,0,25908
2160,0,25920
2161,0,25932
2162,0.069632831,25944
2163,0.065060006,25956
2164,0.13391524,25968
2165,1.024308915,25980
2166,6.79751347,25992
2167,0.397668711,26004
2168,6.376418313,26016
2169,0.106132733,26028
2170,0.55830497,26040
2171,0.55830497,26052
2172,0,26064
2173,0,26076
2174,0,26088
2175,5.74E-06,26100
2176,369.7447137,26112
2177,388.4332038,26124
2178,179.8950201,26136
2179,173.0141249,26148
2180,3.36E-05,26160
2181,9.60E-06,26172
2182,3.36E-05,26184
2183,5.36E-06,26196
2184,5.36E-06,26208
2185,0,26220
2186,0.399026072,26232
2187,0.399026073,26244
2188,4.15E-06,26256
2189,5.66E-07,26268
2190,1.51E-06,26280
2191,7.89E-06,26292
2192,7.89E-06,26304
2193,0,26316
2194,0,26328
2195,0,26340
2196,0.284866144,26352
2197,0.284866144,26364
2198,0,26376
2199,0,26388
2200,0,26400
2201,0.000155707,26412
2202,0.000155707,26424
2203,0.000127794,26436
2204,0.000131058,26448
2205,2.34E-05,26460
2206,0.000118851,26472
2207,0.000118851,26484
2208,314.450829,26496
2209,126.7705459,26508
2210,200.893916,26520
2211,1.264638844,26532
2212,3.259035219,26544
2213,2.084035737,26556
2214,64.85501421,26568
2215,58.09562516,26580
2216,9.407614306,26592
2217,5.035606677,26604
2218,7.10E-05,26616
2219,6.12E-05,26628
2220,0.22262882,26640
2221,0.000291218,26652
2222,0.222628736,26664
2223,0,26676
2224,0,26688
2225,0,26700
2226,0.68704659,26712
2227,2.774060429,26724
2228,1.860090774,26736
2229,0.251628339,26748
2230,0.041248312,26760
2231,0.365855283,26772
2232,0,26784
2233,0.373543687,26796
2234,0.000383319,26808
2235,0.739384,26820
2236,0.214676849,26832
2237,1.349310915,26844
2238,1.563776481,26856
2239,0,26868
2240,104.6841364,26880
2241,104.7901777,26892
2242,1.922102643,26904
2243,0.590264527,26916
2244,0,26928
2245,0,26940
2246,3.765369396,26952
2247,3.765369396,26964
2248,0,26976
2249,0,26988
2250,0,27000
2251,0,27012
2252,0,27024
2253,5.596837762,27036
2254,2.242699305,27048
2255,7.839528403,27060
2256,0.91052913,27072
2257,0.91052913,27084
2258,4.46E-06,27096
2259,6.284319304,27108
2260,2.94E-06,27120
2261,6.284319304,27132
2262,0.986214327,27144
2263,0.986214327,27156
2264,6.975873838,27168
2265,7.468361786,27180
2266,3.397056708,27192
2267,8.150078268,27204
2268,4.26087365,27216
2269,0,27228
2270,0,27240
2271,1.721111652,27252
2272,0.213392423,27264
2273,0.599830687,27276
2274,1.334905048,27288
2275,0.376146729,27300
2276,1.729137944,27312
2277,2.105131159,27324
2278,1.641555744,27336
2279,1.641555744,27348
2280,1.269106312,27360
2281,1.269106312,27372
2282,3.22E-06,27384
2283,3.22E-06,27396
2284,0,27408
2285,3.22E-06,27420
2286,0.372772176,27432
2287,3.372406821,27444
2288,0,27456
2289,3.745141083,27468
2290,0,27480
2291,13.01889441,27492
2292,147.0081258,27504
2293,142.028338,27516
2294,1.635783342,27528
2295,0.110412482,27540
2296,85.45919059,27552
2297,85.18562227,27564
2298,41.92031588,27576
2299,37.08873968,27588
2300,3.859611065,27600
2301,1.725237694,27612
2302,0,27624
2303,0,27636
2304,9.160037642,27648
2305,26.67331934,27660
2306,15.15225943,27672
2307,2.448731194,27684
2308,0,27696
2309,0,27708
2310,0.004812475,27720
2311,0,27732
2312,369.985379,27744
2313,644.4580369,27756
2314,283.3163357,27768
2315,6.68130361,27780
2316,12.11011799,27792
2317,13.07995555,27804
2318,23.1369308,27816
2319,2.24889152,27828
2320,1.33E-05,27840
2321,4.67E-06,27852
2322,2.39E-06,27864
2323,2.39E-06,27876
2324,2.26317307,27888
2325,2.26317307,27900
2326,9.845748438,27912
2327,9.845748438,27924
2328,0,27936
2329,0.988892843,27948
2330,0.988892843,27960
2331,0.481342006,27972
2332,0.481342006,27984
2333,0.740293212,27996
2334,0.740293212,28008
2335,0,28020
2336,0.19244455,28032
2337,0.19244455,28044
2338,0,28056
2339,0,28068
2340,0,28080
2341,0,28092
2342,1.295500262,28104
2343,1.577371852,28116
2344,4.221033363,28128
2345,4.503468649,28140
2346,0.856308941,28152
2347,0.856308941,28164
2348,0,28176
2349,0,28188
2350,0,28200
2351,0,28212
2352,0,28224
2353,0,28236
2354,0,28248
2355,3.274662605,28260
2356,2.373218117,28272
2357,5.64020532,28284
2358,0,28296
2359,0,28308
2360,0,28320
2361,0,28332
2362,0,28344
2363,0,28356
2364,0,28368
2365,8.85E-06,28380
2366,372.5930808,28392
2367,367.7933538,28404
2368,37.78011381,28416
2369,53.19698337,28428
2370,10.61741302,28440
2371,0,28452
2372,0,28464
2373,0,28476
2374,0,28488
2375,0,28500
2376,2.154452683,28512
2377,2.154452683,28524
2378,0,28536
2379,0,28548
2380,0,28560
2381,6.92E-05,28572
2382,6.92E-05,28584
2383,0,28596
2384,0,28608
2385,0,28620
2386,6.92E-05,28632
2387,6.92E-05,28644
2388,0,28656
2389,0.000181942,28668
2390,0,28680
2391,0.000181942,28692
2392,0,28704
2393,6.92E-05,28716
2394,6.92E-05,28728
2395,0,28740
2396,6.92E-05,28752
2397,6.92E-05,28764
2398,0,28776
2399,0,28788
2400,0,28800
2401,0,28812
2402,0,28824
2403,0,28836
2404,0,28848
2405,0,28860
2406,0.992397907,28872
2407,0.992397902,28884
2408,4.22E-05,28896
2409,0,28908
2410,0,28920
2411,0,28932
2412,0,28944
2413,0,28956
2414,0,28968
2415,0,28980
2416,0.992397902,28992
2417,0.001170864,29004
2418,0.000195192,29016
2419,0.992396628,29028
2420,0.000248157,29040
2421,0,29052
2422,0,29064
2423,0,29076
2424,0,29088
2425,0,29100
2426,9.25E-05,29112
2427,9.25E-05,29124
2428,0,29136
2429,0,29148
2430,0,29160
2431,0,29172
2432,6.92E-05,29184
2433,6.92E-05,29196
2434,767.2930691,29208
2435,424.4817008,29220
2436,386.6263119,29232
2437,3.24093564,29244
2438,7.945414575,29256
2439,0.062928718,29268
2440,4.937855639,29280
2441,0.000975677,29292
2442,0.000776213,29304
2443,0.65393176,29316
2444,8.724947976,29328
2445,17.26911137,29340
2446,0.663076989,29352
2447,7.763336535,29364
2448,1.443907397,29376
2449,2.529060072,29388
2450,0.000471507,29400
2451,0.296255634,29412
2452,0.774562387,29424
2453,0.774562387,29436
2454,1.618785579,29448
2455,1.613619863,29460
2456,2.298994343,29472
2457,2.304131777,29484
2458,0,29496
2459,0,29508
2460,0,29520
2461,0,29532
2462,0.397382676,29544
2463,0.289835373,29556
2464,2.00719973,29568
2465,0.239000094,29580
2466,2.090646357,29592
2467,4.120728834,29604
2468,0.615771072,29616
2469,0.529980988,29628
2470,0,29640
2471,0,29652
2472,3.61E-05,29664
2473,3.61E-05,29676
2474,0,29688
2475,0,29700
2476,5.947695841,29712
2477,5.947695841,29724
2478,5.81E-05,29736
2479,0,29748
2480,3.68E-05,29760
2481,3.68E-05,29772
2482,0,29784
2483,1.475043232,29796
2484,1.520555128,29808
2485,9.898242682,29820
2486,5.477688338,29832
2487,4.376198811,29844
2488,0.228101825,29856
2489,0.228101827,29868
2490,1.185039117,29880
2491,1.185039144,29892
2492,0.271390815,29904
2493,0,29916
2494,0.271390815,29928
2495,0,29940
2496,4.058254214,29952
2497,4.05825318,29964
2498,8.840520712,29976
2499,8.840521402,29988
2500,1.319535275,30000
2501,0,30012
2502,1.319535275,30024
2503,2.25E-05,30036
2504,0,30048
2505,1.444889762,30060
2506,6.354120838,30072
2507,7.038746153,30084
2508,0.762196253,30096
2509,0,30108
2510,0,30120
2511,0,30132
2512,0,30144
2513,0,30156
2514,0,30168
2515,0,30180
2516,2.120860564,30192
2517,422.3738199,30204
2518,420.7054978,30216
2519,0,30228
2520,0,30240
2521,0,30252
2522,0,30264
2523,0.00083527,30276
2524,0,30288
2525,0.00083527,30300
2526,1.350142051,30312
2527,1.350142051,30324
2528,9.33E-05,30336
2529,0,30348
2530,9.33E-05,30360
2531,0,30372
2532,0,30384
2533,0,30396
2534,0,30408
2535,0,30420
2536,1.566152761,30432
2537,1.566152761,30444
2538,0,30456
2539,0,30468
2540,0,30480
2541,0,30492
2542,0,30504
2543,0,30516
2544,0,30528
2545,0,30540
2546,1.227320432,30552
2547,1.227320284,30564
2548,0.000534787,30576
2549,0.000520653,30588
2550,0.000206757,30600
2551,0.000132007,30612
2552,0,30624
2553,0.000132007,30636
2554,0,30648
2555,0,30660
2556,0.000485573,30672
2557,0,30684
2558,0.000485573,30696
2559,0,30708
2560,0,30720
2561,0,30732
2562,0,30744
2563,0,30756
2564,0,30768
2565,0,30780
2566,1.672404744,30792
2567,1.758351353,30804
2568,0.310688507,30816
2569,0,30828
2570,0,30840
2571,0,30852
2572,0,30864
2573,0,30876
2574,0,30888
2575,0,30900
2576,1.549915793,30912
2577,0.616267947,30924
2578,1.847964136,30936
2579,0.861202643,30948
2580,0,30960
2581,0,30972
2582,0,30984
2583,0,30996
2584,0,31008
2585,0.000125046,31020
2586,2.112314515,31032
2587,0.330103854,31044
2588,1.783815638,31056
2589,0,31068
2590,0,31080
2591,0,31092
2592,0,31104
2593,0,31116
2594,0,31128
2595,0,31140
2596,1.714180553,31152
2597,1.714180553,31164
2598,0.000207169,31176
2599,0.000207169,31188
2600,0,31200
2601,0,31212
2602,0,31224
2603,0,31236
2604,0,31248
2605,0,31260
2606,2.897369074,31272
2607,1.519308915,31284
2608,1.393033889,31296
2609,0,31308
2610,0,31320
2611,0.000205831,31332
2612,9.45E-05,31344
2613,0.000174094,31356
2614,0,31368
2615,0,31380
2616,0.408279295,31392
2617,1.784130712,31404
2618,1.466328775,31416
2619,0,31428
2620,0,31440
2621,0,31452
2622,0,31464
2623,0,31476
2624,0.000833493,31488
2625,0.000112126,31500
2626,0.828236993,31512
2627,2.282451598,31524
2628,1.454570472,31536
2629,1.043990876,31548
2630,0,31560
2631,1.043990876,31572
2632,0,31584
2633,0,31596
2634,0,31608
2635,0,31620
2636,0.920734637,31632
2637,1.448851621,31644
2638,2.754404975,31656
2639,3.299017375,31668
2640,0,31680
2641,0,31692
2642,0,31704
2643,0,31716
2644,0,31728
2645,0,31740
